date,dir,entry,or_pts,day_range,ts_eval_15_10,ts_eval_155_95,ts_nuke_80_25,ts_renuke_105_25,ts_flip_85_50,ax_eval_30_10,ax_eval2_40_10,ax_nuke_325_25,ax_flip_1625_50,month,ts_eval_15_10_w,ts_nuke_80_25_w,ts_renuke_105_25_w,ts_flip_85_50_w,ax_eval_30_10_w,ax_nuke_325_25_w,ax_flip_1625_50_w,regime
2025-06-23,1,21875.25,5.25,354.75,win,win,win,win,win,loss,loss,win,win,2025-06,1.0,1.0,1.0,1.0,0.0,1.0,1.0,Jun-Aug25
2025-06-24,1,22318.5,29.5,188.25,loss,loss,loss,loss,win,loss,loss,loss,loss,2025-06,0.0,0.0,0.0,1.0,0.0,0.0,0.0,Jun-Aug25
2025-06-25,1,22544.75,45.5,159.75,loss,loss,loss,loss,loss,loss,loss,loss,loss,2025-06,0.0,0.0,0.0,0.0,0.0,0.0,0.0,Jun-Aug25
2025-06-26,-1,22514.0,41.25,218.0,loss,loss,loss,loss,win,loss,loss,win,win,2025-06,0.0,0.0,0.0,1.0,0.0,1.0,1.0,Jun-Aug25
2025-06-27,1,22736.0,27.5,225.5,win,win,win,loss,win,win,win,win,win,2025-06,1.0,1.0,0.0,1.0,1.0,1.0,1.0,Jun-Aug25
2025-06-30,-1,22818.25,55.75,153.75,loss,loss,loss,loss,win,loss,loss,loss,win,2025-06,0.0,0.0,0.0,1.0,0.0,0.0,1.0,Jun-Aug25
2025-07-01,-1,22788.5,8.25,253.75,loss,loss,loss,loss,win,loss,loss,loss,loss,2025-07,0.0,0.0,0.0,1.0,0.0,0.0,0.0,Jun-Aug25
2025-07-02,1,22690.75,35.75,203.5,win,win,win,win,win,win,win,win,win,2025-07,1.0,1.0,1.0,1.0,1.0,1.0,1.0,Jun-Aug25
2025-07-03,1,22948.25,12.5,172.25,win,win,win,win,win,win,win,win,win,2025-07,1.0,1.0,1.0,1.0,1.0,1.0,1.0,Jun-Aug25
2025-07-04,1,22923.5,7.75,57.5,loss,loss,loss,loss,win,loss,loss,loss,win,2025-07,0.0,0.0,0.0,1.0,0.0,0.0,1.0,Jun-Aug25
2025-07-07,1,22948.75,1.5,197.75,loss,loss,loss,loss,win,loss,loss,loss,win,2025-07,0.0,0.0,0.0,1.0,0.0,0.0,1.0,Jun-Aug25
2025-07-08,-1,22912.0,23.75,121.75,win,win,loss,loss,win,loss,loss,win,win,2025-07,1.0,0.0,0.0,1.0,0.0,1.0,1.0,Jun-Aug25
2025-07-09,1,23055.25,85.75,192.25,win,win,loss,loss,win,win,win,win,win,2025-07,1.0,0.0,0.0,1.0,1.0,1.0,1.0,Jun-Aug25
2025-07-10,-1,23029.75,46.75,188.75,win,win,win,win,win,win,win,win,win,2025-07,1.0,1.0,1.0,1.0,1.0,1.0,1.0,Jun-Aug25
2025-07-11,-1,22874.5,32.0,158.5,loss,loss,loss,loss,win,loss,loss,loss,loss,2025-07,0.0,0.0,0.0,1.0,0.0,0.0,0.0,Jun-Aug25
2025-07-14,-1,22868.5,65.5,224.25,win,win,loss,loss,win,loss,loss,loss,win,2025-07,1.0,0.0,0.0,1.0,0.0,0.0,1.0,Jun-Aug25
2025-07-15,-1,23160.25,43.25,172.75,loss,loss,loss,loss,win,loss,loss,win,win,2025-07,0.0,0.0,0.0,1.0,0.0,1.0,1.0,Jun-Aug25
2025-07-16,-1,23014.75,57.0,264.5,loss,loss,loss,loss,win,loss,loss,win,win,2025-07,0.0,0.0,0.0,1.0,0.0,1.0,1.0,Jun-Aug25
2025-07-17,1,23118.75,16.5,214.0,win,win,win,win,win,win,win,win,win,2025-07,1.0,1.0,1.0,1.0,1.0,1.0,1.0,Jun-Aug25
2025-07-18,-1,23274.75,25.0,140.5,loss,loss,win,win,win,loss,loss,win,win,2025-07,0.0,1.0,1.0,1.0,0.0,1.0,1.0,Jun-Aug25
2025-07-21,1,23339.25,86.5,175.0,win,win,win,unresolved,win,win,win,win,win,2025-07,1.0,1.0,,1.0,1.0,1.0,1.0,Jun-Aug25
2025-07-22,-1,23261.5,79.5,241.75,loss,loss,win,win,win,loss,loss,win,win,2025-07,0.0,1.0,1.0,1.0,0.0,1.0,1.0,Jun-Aug25
2025-07-23,-1,23208.25,53.25,178.0,win,win,loss,loss,win,win,win,win,win,2025-07,1.0,0.0,0.0,1.0,1.0,1.0,1.0,Jun-Aug25
2025-07-24,-1,23360.25,15.25,126.25,loss,loss,loss,loss,win,loss,loss,loss,win,2025-07,0.0,0.0,0.0,1.0,0.0,0.0,1.0,Jun-Aug25
2025-07-25,-1,23362.5,1.75,145.25,loss,loss,loss,loss,loss,loss,loss,loss,loss,2025-07,0.0,0.0,0.0,0.0,0.0,0.0,0.0,Jun-Aug25
2025-07-28,1,23490.75,19.0,92.25,win,win,loss,loss,win,win,loss,win,win,2025-07,1.0,0.0,0.0,1.0,1.0,1.0,1.0,Jun-Aug25
2025-07-29,1,23619.75,22.0,231.25,loss,loss,loss,loss,loss,loss,loss,loss,loss,2025-07,0.0,0.0,0.0,0.0,0.0,0.0,0.0,Jun-Aug25
2025-07-30,1,23502.0,16.25,233.0,win,win,loss,loss,win,loss,loss,loss,win,2025-07,1.0,0.0,0.0,1.0,0.0,0.0,1.0,Jun-Aug25
2025-07-31,-1,23629.5,120.5,446.5,loss,loss,loss,loss,win,loss,loss,loss,win,2025-07,0.0,0.0,0.0,1.0,0.0,0.0,1.0,Jun-Aug25
2025-08-01,-1,22941.0,121.25,320.75,win,win,win,win,win,win,win,win,win,2025-08,1.0,1.0,1.0,1.0,1.0,1.0,1.0,Jun-Aug25
2025-08-04,1,23187.5,98.75,221.0,win,win,win,win,win,win,win,win,win,2025-08,1.0,1.0,1.0,1.0,1.0,1.0,1.0,Jun-Aug25
2025-08-05,1,23353.0,10.25,283.75,win,win,loss,loss,win,win,win,win,win,2025-08,1.0,0.0,0.0,1.0,1.0,1.0,1.0,Jun-Aug25
2025-08-06,1,23179.5,9.5,296.75,win,win,win,win,win,win,win,win,win,2025-08,1.0,1.0,1.0,1.0,1.0,1.0,1.0,Jun-Aug25
2025-08-07,1,23603.5,8.0,342.0,loss,loss,loss,loss,win,loss,loss,loss,win,2025-08,0.0,0.0,0.0,1.0,0.0,0.0,1.0,Jun-Aug25
2025-08-08,1,23600.25,59.0,194.0,win,win,win,win,win,win,win,win,win,2025-08,1.0,1.0,1.0,1.0,1.0,1.0,1.0,Jun-Aug25
2025-08-11,1,23735.75,27.5,217.0,loss,loss,loss,loss,win,loss,loss,loss,win,2025-08,0.0,0.0,0.0,1.0,0.0,0.0,1.0,Jun-Aug25
2025-08-12,1,23791.25,54.25,328.0,loss,loss,loss,loss,loss,loss,loss,loss,loss,2025-08,0.0,0.0,0.0,0.0,0.0,0.0,0.0,Jun-Aug25
2025-08-13,1,24045.75,3.0,182.5,loss,loss,loss,loss,win,loss,loss,loss,loss,2025-08,0.0,0.0,0.0,1.0,0.0,0.0,0.0,Jun-Aug25
2025-08-14,1,23904.25,50.25,166.5,win,win,win,loss,win,win,win,win,win,2025-08,1.0,1.0,0.0,1.0,1.0,1.0,1.0,Jun-Aug25
2025-08-15,-1,23857.25,53.75,187.25,win,win,win,win,win,win,win,win,win,2025-08,1.0,1.0,1.0,1.0,1.0,1.0,1.0,Jun-Aug25
2025-08-18,1,23774.75,11.0,105.25,win,win,loss,loss,win,win,loss,loss,win,2025-08,1.0,0.0,0.0,1.0,1.0,0.0,1.0,Jun-Aug25
2025-08-19,-1,23711.5,49.5,344.5,win,win,win,win,win,win,win,win,win,2025-08,1.0,1.0,1.0,1.0,1.0,1.0,1.0,Jun-Aug25
2025-08-20,-1,23341.75,84.0,397.0,win,win,win,win,win,win,win,win,win,2025-08,1.0,1.0,1.0,1.0,1.0,1.0,1.0,Jun-Aug25
2025-08-21,1,23262.25,6.25,229.25,loss,loss,loss,loss,loss,loss,loss,loss,loss,2025-08,0.0,0.0,0.0,0.0,0.0,0.0,0.0,Jun-Aug25
2025-08-22,1,23315.5,53.25,444.5,loss,loss,loss,loss,win,loss,loss,loss,win,2025-08,0.0,0.0,0.0,1.0,0.0,0.0,1.0,Jun-Aug25
2025-08-25,-1,23487.5,11.0,173.0,win,win,loss,loss,win,win,loss,win,win,2025-08,1.0,0.0,0.0,1.0,1.0,1.0,1.0,Jun-Aug25
2025-08-26,1,23499.75,31.75,173.0,loss,loss,loss,loss,loss,loss,loss,loss,loss,2025-08,0.0,0.0,0.0,0.0,0.0,0.0,0.0,Jun-Aug25
2025-08-27,-1,23518.25,28.25,170.0,loss,loss,loss,loss,win,loss,loss,loss,win,2025-08,0.0,0.0,0.0,1.0,0.0,0.0,1.0,Jun-Aug25
2025-08-28,1,23705.75,72.25,231.25,loss,loss,loss,loss,win,loss,loss,loss,loss,2025-08,0.0,0.0,0.0,1.0,0.0,0.0,0.0,Jun-Aug25
2025-08-29,-1,23591.0,70.5,270.5,loss,loss,win,win,win,loss,loss,win,win,2025-08,0.0,1.0,1.0,1.0,0.0,1.0,1.0,Jun-Aug25
2025-09-01,1,23480.25,4.25,65.0,win,win,unresolved,unresolved,win,unresolved,unresolved,unresolved,win,2025-09,1.0,,,1.0,,,1.0,Jun-Aug25
2025-09-02,1,23154.0,60.0,265.0,loss,loss,win,win,win,loss,loss,win,win,2025-09,0.0,1.0,1.0,1.0,0.0,1.0,1.0,Sep-Oct25
2025-09-03,-1,23399.5,33.5,207.0,loss,loss,loss,loss,win,loss,loss,loss,win,2025-09,0.0,0.0,0.0,1.0,0.0,0.0,1.0,Sep-Oct25
2025-09-04,-1,23476.75,3.75,270.25,loss,loss,loss,loss,win,loss,loss,loss,win,2025-09,0.0,0.0,0.0,1.0,0.0,0.0,1.0,Sep-Oct25
2025-09-05,-1,23864.0,17.75,397.0,loss,loss,loss,loss,win,loss,loss,loss,win,2025-09,0.0,0.0,0.0,1.0,0.0,0.0,1.0,Sep-Oct25
2025-09-08,1,23838.0,52.0,128.0,loss,loss,loss,loss,win,loss,loss,win,win,2025-09,0.0,0.0,0.0,1.0,0.0,1.0,1.0,Sep-Oct25
2025-09-09,1,23836.75,4.5,164.0,loss,loss,loss,loss,win,loss,loss,loss,loss,2025-09,0.0,0.0,0.0,1.0,0.0,0.0,0.0,Sep-Oct25
2025-09-10,-1,23943.75,60.25,219.5,win,win,loss,loss,win,win,win,win,win,2025-09,1.0,0.0,0.0,1.0,1.0,1.0,1.0,Sep-Oct25
2025-09-11,-1,23921.5,50.25,136.25,loss,loss,loss,loss,win,loss,loss,loss,loss,2025-09,0.0,0.0,0.0,1.0,0.0,0.0,0.0,Sep-Oct25
2025-09-12,-1,24020.0,23.5,157.5,loss,loss,loss,loss,loss,loss,loss,loss,loss,2025-09,0.0,0.0,0.0,0.0,0.0,0.0,0.0,Sep-Oct25
2025-09-15,1,24451.0,31.75,144.0,loss,loss,win,win,win,loss,loss,win,win,2025-09,0.0,1.0,1.0,1.0,0.0,1.0,1.0,Sep-Oct25
2025-09-16,-1,24567.0,28.75,101.25,win,win,unresolved,unresolved,win,win,win,win,win,2025-09,1.0,,,1.0,1.0,1.0,1.0,Sep-Oct25
2025-09-17,-1,24477.5,49.25,308.75,win,win,loss,loss,win,loss,loss,loss,win,2025-09,1.0,0.0,0.0,1.0,0.0,0.0,1.0,Sep-Oct25
2025-09-18,-1,24644.75,30.0,217.25,win,win,loss,loss,win,win,win,win,win,2025-09,1.0,0.0,0.0,1.0,1.0,1.0,1.0,Sep-Oct25
2025-09-19,-1,24755.0,25.5,180.0,loss,loss,loss,loss,loss,loss,loss,loss,loss,2025-09,0.0,0.0,0.0,0.0,0.0,0.0,0.0,Sep-Oct25
2025-09-22,1,24844.0,24.25,213.0,win,win,win,win,win,win,win,win,win,2025-09,1.0,1.0,1.0,1.0,1.0,1.0,1.0,Sep-Oct25
2025-09-23,-1,24948.5,49.75,229.25,loss,loss,loss,loss,win,loss,loss,loss,win,2025-09,0.0,0.0,0.0,1.0,0.0,0.0,1.0,Sep-Oct25
2025-09-24,-1,24834.25,49.0,272.25,win,win,win,win,win,win,win,win,win,2025-09,1.0,1.0,1.0,1.0,1.0,1.0,1.0,Sep-Oct25
2025-09-25,-1,24429.0,150.0,274.25,loss,loss,loss,loss,loss,loss,loss,loss,loss,2025-09,0.0,0.0,0.0,0.0,0.0,0.0,0.0,Sep-Oct25
2025-09-26,1,24681.5,19.5,217.0,loss,loss,loss,loss,win,loss,loss,loss,win,2025-09,0.0,0.0,0.0,1.0,0.0,0.0,1.0,Sep-Oct25
2025-09-29,1,24901.5,43.0,195.0,win,win,loss,loss,win,win,win,win,win,2025-09,1.0,0.0,0.0,1.0,1.0,1.0,1.0,Sep-Oct25
2025-09-30,-1,24777.5,36.5,191.5,loss,loss,loss,loss,win,loss,loss,loss,win,2025-09,0.0,0.0,0.0,1.0,0.0,0.0,1.0,Sep-Oct25
2025-10-01,1,24820.5,51.5,310.75,tie,loss,loss,loss,win,loss,loss,loss,loss,2025-10,0.5,0.0,0.0,1.0,0.0,0.0,0.0,Sep-Oct25
2025-10-02,-1,25049.5,117.5,175.25,loss,loss,loss,loss,win,loss,loss,win,win,2025-10,0.0,0.0,0.0,1.0,0.0,1.0,1.0,Sep-Oct25
2025-10-03,-1,25130.0,4.0,244.75,loss,loss,loss,loss,win,loss,loss,loss,win,2025-10,0.0,0.0,0.0,1.0,0.0,0.0,1.0,Sep-Oct25
2025-10-06,-1,25126.0,85.75,144.25,loss,loss,loss,loss,win,loss,loss,loss,loss,2025-10,0.0,0.0,0.0,1.0,0.0,0.0,0.0,Sep-Oct25
2025-10-07,1,25247.25,8.5,280.0,loss,loss,loss,loss,win,loss,loss,loss,win,2025-10,0.0,0.0,0.0,1.0,0.0,0.0,1.0,Sep-Oct25
2025-10-08,1,25123.75,38.0,270.25,win,win,win,win,win,win,win,win,win,2025-10,1.0,1.0,1.0,1.0,1.0,1.0,1.0,Sep-Oct25
2025-10-09,-1,25275.75,55.0,177.0,win,win,loss,loss,win,loss,loss,loss,win,2025-10,1.0,0.0,0.0,1.0,0.0,0.0,1.0,Sep-Oct25
2025-10-10,1,25368.75,66.25,1003.75,win,win,loss,loss,win,loss,loss,loss,win,2025-10,1.0,0.0,0.0,1.0,0.0,0.0,1.0,Sep-Oct25
2025-10-13,-1,24811.25,16.0,240.5,win,win,loss,loss,win,win,win,win,win,2025-10,1.0,0.0,0.0,1.0,1.0,1.0,1.0,Sep-Oct25
2025-10-14,-1,24438.0,197.25,526.5,loss,loss,loss,loss,win,loss,loss,loss,win,2025-10,0.0,0.0,0.0,1.0,0.0,0.0,1.0,Sep-Oct25
2025-10-15,-1,24939.25,64.25,451.75,win,win,loss,loss,win,loss,loss,loss,win,2025-10,1.0,0.0,0.0,1.0,0.0,0.0,1.0,Sep-Oct25
2025-10-16,1,25091.25,42.75,536.0,loss,loss,loss,loss,win,loss,loss,win,win,2025-10,0.0,0.0,0.0,1.0,0.0,1.0,1.0,Sep-Oct25
2025-10-17,-1,24692.5,40.0,383.25,win,win,loss,loss,win,loss,loss,loss,win,2025-10,1.0,0.0,0.0,1.0,0.0,0.0,1.0,Sep-Oct25
2025-10-20,1,25198.0,75.5,239.75,loss,loss,win,win,win,loss,loss,win,win,2025-10,0.0,1.0,1.0,1.0,0.0,1.0,1.0,Sep-Oct25
2025-10-21,-1,25251.75,41.5,145.25,loss,loss,loss,loss,win,loss,loss,win,win,2025-10,0.0,0.0,0.0,1.0,0.0,1.0,1.0,Sep-Oct25
2025-10-22,-1,25251.75,14.75,484.5,loss,loss,loss,loss,win,loss,loss,loss,win,2025-10,0.0,0.0,0.0,1.0,0.0,0.0,1.0,Sep-Oct25
2025-10-23,1,25065.5,48.25,289.0,win,win,win,win,win,win,win,win,win,2025-10,1.0,1.0,1.0,1.0,1.0,1.0,1.0,Sep-Oct25
2025-10-24,1,25507.75,36.5,141.0,win,win,loss,loss,win,loss,loss,loss,win,2025-10,1.0,0.0,0.0,1.0,0.0,0.0,1.0,Sep-Oct25
2025-10-27,-1,25822.0,6.25,184.75,loss,loss,loss,loss,win,loss,loss,loss,loss,2025-10,0.0,0.0,0.0,1.0,0.0,0.0,0.0,Sep-Oct25
2025-10-28,1,26073.5,19.75,225.5,loss,loss,loss,loss,win,loss,loss,loss,loss,2025-10,0.0,0.0,0.0,1.0,0.0,0.0,0.0,Sep-Oct25
2025-10-29,1,26272.25,9.75,277.25,win,win,loss,loss,win,win,win,win,win,2025-10,1.0,0.0,0.0,1.0,1.0,1.0,1.0,Sep-Oct25
2025-10-30,-1,25978.0,124.0,313.5,win,win,loss,loss,win,loss,loss,loss,win,2025-10,1.0,0.0,0.0,1.0,0.0,0.0,1.0,Sep-Oct25
2025-10-31,-1,26117.5,87.0,319.25,win,win,loss,loss,win,loss,loss,win,win,2025-10,1.0,0.0,0.0,1.0,0.0,1.0,1.0,Sep-Oct25
2025-11-03,-1,26169.5,51.25,250.5,loss,loss,win,win,win,loss,loss,win,win,2025-11,0.0,1.0,1.0,1.0,0.0,1.0,1.0,Nov25-Feb26
2025-11-04,1,25752.25,19.25,349.5,win,win,win,win,win,win,loss,win,win,2025-11,1.0,1.0,1.0,1.0,1.0,1.0,1.0,Nov25-Feb26
2025-11-05,-1,25541.5,4.0,392.0,win,win,loss,loss,win,loss,loss,loss,win,2025-11,1.0,0.0,0.0,1.0,0.0,0.0,1.0,Nov25-Feb26
2025-11-06,-1,25606.0,74.75,488.0,loss,loss,loss,loss,win,loss,loss,loss,loss,2025-11,0.0,0.0,0.0,1.0,0.0,0.0,0.0,Nov25-Feb26
2025-11-07,-1,24987.75,114.25,463.75,win,win,loss,loss,win,win,win,win,win,2025-11,1.0,0.0,0.0,1.0,1.0,1.0,1.0,Nov25-Feb26
2025-11-10,1,25623.25,83.5,308.5,win,win,loss,loss,win,loss,loss,loss,win,2025-11,1.0,0.0,0.0,1.0,0.0,0.0,1.0,Nov25-Feb26
2025-11-11,-1,25604.25,0.25,217.75,loss,loss,loss,loss,win,loss,loss,win,win,2025-11,0.0,0.0,0.0,1.0,0.0,1.0,1.0,Nov25-Feb26
2025-11-12,-1,25653.5,126.5,293.0,win,win,win,win,win,win,win,win,win,2025-11,1.0,1.0,1.0,1.0,1.0,1.0,1.0,Nov25-Feb26
2025-11-13,-1,25307.75,154.5,499.5,win,win,loss,loss,win,loss,loss,loss,win,2025-11,1.0,0.0,0.0,1.0,0.0,0.0,1.0,Nov25-Feb26
2025-11-14,1,24827.5,90.25,667.25,win,win,win,win,win,win,win,win,win,2025-11,1.0,1.0,1.0,1.0,1.0,1.0,1.0,Nov25-Feb26
2025-11-17,1,25192.25,195.75,522.25,loss,loss,loss,loss,win,loss,loss,loss,win,2025-11,0.0,0.0,0.0,1.0,0.0,0.0,1.0,Nov25-Feb26
2025-11-18,-1,24670.5,44.25,455.75,win,win,loss,loss,win,tie,loss,loss,win,2025-11,1.0,0.0,0.0,1.0,0.5,0.0,1.0,Nov25-Feb26
2025-11-19,1,24728.5,103.5,481.0,win,win,win,win,win,win,win,win,win,2025-11,1.0,1.0,1.0,1.0,1.0,1.0,1.0,Nov25-Feb26
2025-11-20,1,25230.5,15.75,1212.0,loss,loss,loss,loss,loss,loss,loss,loss,loss,2025-11,0.0,0.0,0.0,0.0,0.0,0.0,0.0,Nov25-Feb26
2025-11-21,1,24197.0,6.25,669.0,tie,tie,loss,loss,win,loss,loss,loss,win,2025-11,0.5,0.0,0.0,1.0,0.0,0.0,1.0,Nov25-Feb26
2025-11-24,1,24650.75,130.0,476.75,loss,loss,loss,loss,win,loss,loss,loss,win,2025-11,0.0,0.0,0.0,1.0,0.0,0.0,1.0,Nov25-Feb26
2025-11-25,-1,24724.0,133.5,533.25,loss,loss,loss,loss,win,loss,loss,loss,win,2025-11,0.0,0.0,0.0,1.0,0.0,0.0,1.0,Nov25-Feb26
2025-11-26,-1,25213.75,13.75,242.25,loss,loss,loss,loss,loss,loss,loss,loss,loss,2025-11,0.0,0.0,0.0,0.0,0.0,0.0,0.0,Nov25-Feb26
2025-11-27,-1,25296.25,6.25,32.0,loss,loss,unresolved,unresolved,win,loss,loss,unresolved,unresolved,2025-11,0.0,,,1.0,0.0,,,Nov25-Feb26
2025-11-28,1,25377.0,14.25,168.75,loss,loss,loss,loss,win,loss,loss,loss,win,2025-11,0.0,0.0,0.0,1.0,0.0,0.0,1.0,Nov25-Feb26
2025-12-01,-1,25216.75,40.75,286.5,loss,loss,loss,loss,loss,loss,loss,loss,loss,2025-12,0.0,0.0,0.0,0.0,0.0,0.0,0.0,Nov25-Feb26
2025-12-02,1,25586.25,89.0,255.5,win,win,loss,loss,win,loss,loss,win,win,2025-12,1.0,0.0,0.0,1.0,0.0,1.0,1.0,Nov25-Feb26
2025-12-03,1,25491.75,1.0,255.25,loss,loss,loss,loss,win,loss,loss,loss,loss,2025-12,0.0,0.0,0.0,1.0,0.0,0.0,0.0,Nov25-Feb26
2025-12-04,-1,25607.0,102.25,224.25,win,win,win,loss,win,win,win,win,win,2025-12,1.0,1.0,0.0,1.0,1.0,1.0,1.0,Nov25-Feb26
2025-12-05,1,25704.75,28.25,216.75,loss,loss,win,win,win,loss,loss,win,win,2025-12,0.0,1.0,1.0,1.0,0.0,1.0,1.0,Nov25-Feb26
2025-12-08,1,25806.75,11.0,296.0,loss,loss,loss,loss,loss,loss,loss,loss,loss,2025-12,0.0,0.0,0.0,0.0,0.0,0.0,0.0,Nov25-Feb26
2025-12-09,1,25615.25,6.25,175.75,loss,loss,win,win,win,loss,loss,win,win,2025-12,0.0,1.0,1.0,1.0,0.0,1.0,1.0,Nov25-Feb26
2025-12-10,-1,25644.0,5.25,342.0,loss,loss,loss,loss,win,loss,loss,loss,win,2025-12,0.0,0.0,0.0,1.0,0.0,0.0,1.0,Nov25-Feb26
2025-12-11,-1,25580.25,74.0,332.5,loss,loss,win,win,win,loss,loss,win,win,2025-12,0.0,1.0,1.0,1.0,0.0,1.0,1.0,Nov25-Feb26
2025-12-12,-1,25557.0,25.5,501.5,win,win,win,win,win,loss,loss,win,win,2025-12,1.0,1.0,1.0,1.0,0.0,1.0,1.0,Nov25-Feb26
2025-12-15,-1,25555.0,101.0,382.25,win,win,win,win,win,win,win,win,win,2025-12,1.0,1.0,1.0,1.0,1.0,1.0,1.0,Nov25-Feb26
2025-12-16,1,25241.25,15.25,272.25,win,win,loss,loss,win,tie,loss,win,win,2025-12,1.0,0.0,0.0,1.0,0.5,1.0,1.0,Nov25-Feb26
2025-12-17,-1,25310.0,120.75,560.0,loss,loss,loss,loss,win,loss,loss,loss,win,2025-12,0.0,0.0,0.0,1.0,0.0,0.0,1.0,Nov25-Feb26
2025-12-18,-1,25205.25,65.25,251.25,win,win,loss,loss,win,loss,loss,loss,win,2025-12,1.0,0.0,0.0,1.0,0.0,0.0,1.0,Nov25-Feb26
2025-12-19,1,25510.25,148.0,246.25,win,win,win,loss,win,win,win,win,win,2025-12,1.0,1.0,0.0,1.0,1.0,1.0,1.0,Nov25-Feb26
2025-12-22,-1,25696.5,84.75,166.75,loss,loss,loss,loss,win,loss,loss,loss,loss,2025-12,0.0,0.0,0.0,1.0,0.0,0.0,0.0,Nov25-Feb26
2025-12-23,1,25713.5,71.25,192.25,win,win,loss,loss,win,win,loss,win,win,2025-12,1.0,0.0,0.0,1.0,1.0,1.0,1.0,Nov25-Feb26
2025-12-24,1,25799.25,2.5,108.0,loss,loss,win,unresolved,win,loss,loss,win,win,2025-12,0.0,1.0,,1.0,0.0,1.0,1.0,Nov25-Feb26
2025-12-26,1,25921.0,20.5,101.0,loss,loss,loss,loss,win,loss,loss,loss,loss,2025-12,0.0,0.0,0.0,1.0,0.0,0.0,0.0,Nov25-Feb26
2025-12-29,1,25787.25,88.25,171.0,loss,loss,loss,loss,loss,loss,loss,loss,loss,2025-12,0.0,0.0,0.0,0.0,0.0,0.0,0.0,Nov25-Feb26
2025-12-30,-1,25691.0,5.5,125.5,tie,tie,loss,loss,win,loss,loss,loss,win,2025-12,0.5,0.0,0.0,1.0,0.0,0.0,1.0,Nov25-Feb26
2025-12-31,-1,25614.25,74.25,247.5,tie,tie,win,win,win,loss,loss,win,win,2025-12,0.5,1.0,1.0,1.0,0.0,1.0,1.0,Nov25-Feb26
2026-01-02,-1,25682.0,3.25,538.5,loss,loss,loss,loss,loss,loss,loss,loss,loss,2026-01,0.0,0.0,0.0,0.0,0.0,0.0,0.0,Nov25-Feb26
2026-01-05,-1,25597.25,24.25,169.5,loss,loss,loss,loss,win,loss,loss,loss,win,2026-01,0.0,0.0,0.0,1.0,0.0,0.0,1.0,Nov25-Feb26
2026-01-06,1,25640.0,9.25,229.75,win,win,win,win,win,win,win,win,win,2026-01,1.0,1.0,1.0,1.0,1.0,1.0,1.0,Nov25-Feb26
2026-01-07,1,25841.0,54.5,225.25,win,win,loss,loss,win,win,loss,win,win,2026-01,1.0,0.0,0.0,1.0,1.0,1.0,1.0,Nov25-Feb26
2026-01-08,-1,25625.25,155.75,234.0,win,win,loss,loss,win,loss,loss,loss,win,2026-01,1.0,0.0,0.0,1.0,0.0,0.0,1.0,Nov25-Feb26
2026-01-09,1,25753.25,35.25,370.0,tie,tie,loss,loss,win,loss,loss,loss,win,2026-01,0.5,0.0,0.0,1.0,0.0,0.0,1.0,Nov25-Feb26
2026-01-12,1,25874.25,137.5,286.5,loss,loss,loss,loss,win,loss,loss,loss,win,2026-01,0.0,0.0,0.0,1.0,0.0,0.0,1.0,Nov25-Feb26
2026-01-13,1,25982.75,19.75,239.5,tie,tie,loss,loss,win,loss,loss,loss,win,2026-01,0.5,0.0,0.0,1.0,0.0,0.0,1.0,Nov25-Feb26
2026-01-14,-1,25641.5,96.75,369.5,win,win,loss,loss,win,loss,loss,loss,win,2026-01,1.0,0.0,0.0,1.0,0.0,0.0,1.0,Nov25-Feb26
2026-01-15,-1,25902.5,44.75,276.25,loss,loss,loss,loss,loss,loss,loss,loss,loss,2026-01,0.0,0.0,0.0,0.0,0.0,0.0,0.0,Nov25-Feb26
2026-01-16,-1,25842.75,17.75,299.5,win,win,win,win,win,win,win,win,win,2026-01,1.0,1.0,1.0,1.0,1.0,1.0,1.0,Nov25-Feb26
2026-01-19,-1,25241.75,43.75,180.75,loss,loss,loss,loss,loss,loss,loss,loss,loss,2026-01,0.0,0.0,0.0,0.0,0.0,0.0,0.0,Nov25-Feb26
2026-01-20,1,25303.5,69.5,331.75,win,win,loss,loss,win,win,loss,win,win,2026-01,1.0,0.0,0.0,1.0,1.0,1.0,1.0,Nov25-Feb26
2026-01-21,-1,25192.75,20.25,526.0,loss,loss,loss,loss,loss,loss,loss,loss,loss,2026-01,0.0,0.0,0.0,0.0,0.0,0.0,0.0,Nov25-Feb26
2026-01-22,-1,25644.75,80.25,195.0,loss,loss,win,win,win,loss,loss,win,win,2026-01,0.0,1.0,1.0,1.0,0.0,1.0,1.0,Nov25-Feb26
2026-01-23,1,25618.75,11.75,283.25,loss,loss,loss,loss,win,loss,loss,loss,win,2026-01,0.0,0.0,0.0,1.0,0.0,0.0,1.0,Nov25-Feb26
2026-01-27,-1,25956.5,45.0,197.0,loss,loss,loss,loss,win,loss,loss,loss,loss,2026-01,0.0,0.0,0.0,1.0,0.0,0.0,0.0,Nov25-Feb26
2026-01-28,1,26276.5,21.25,200.25,win,win,loss,loss,win,loss,loss,loss,win,2026-01,1.0,0.0,0.0,1.0,0.0,0.0,1.0,Nov25-Feb26
2026-01-29,-1,25960.25,185.0,639.0,loss,loss,loss,loss,win,loss,loss,win,win,2026-01,0.0,0.0,0.0,1.0,0.0,1.0,1.0,Nov25-Feb26
2026-01-30,1,25886.25,57.0,371.25,loss,loss,loss,loss,win,loss,loss,loss,win,2026-01,0.0,0.0,0.0,1.0,0.0,0.0,1.0,Nov25-Feb26
2026-02-02,1,25716.0,183.75,422.0,tie,tie,win,win,win,loss,loss,win,win,2026-02,0.5,1.0,1.0,1.0,0.0,1.0,1.0,Nov25-Feb26
2026-02-03,-1,25747.25,191.75,733.25,loss,loss,loss,loss,win,loss,loss,loss,loss,2026-02,0.0,0.0,0.0,1.0,0.0,0.0,0.0,Nov25-Feb26
2026-02-04,-1,25345.75,33.75,606.5,win,win,loss,loss,win,win,win,win,win,2026-02,1.0,0.0,0.0,1.0,1.0,1.0,1.0,Nov25-Feb26
2026-02-05,1,24907.25,139.5,417.5,win,win,loss,loss,win,loss,loss,loss,win,2026-02,1.0,0.0,0.0,1.0,0.0,0.0,1.0,Nov25-Feb26
2026-02-06,1,24895.25,131.25,521.25,tie,tie,win,loss,win,tie,loss,win,win,2026-02,0.5,1.0,0.0,1.0,0.5,1.0,1.0,Nov25-Feb26
2026-02-09,1,25129.0,64.75,473.25,win,win,loss,loss,win,win,win,win,win,2026-02,1.0,0.0,0.0,1.0,1.0,1.0,1.0,Nov25-Feb26
2026-02-10,-1,25306.0,83.0,249.0,loss,loss,loss,loss,win,loss,loss,win,win,2026-02,0.0,0.0,0.0,1.0,0.0,1.0,1.0,Nov25-Feb26
2026-02-11,-1,25384.75,53.75,407.0,loss,loss,loss,loss,win,loss,loss,loss,tie,2026-02,0.0,0.0,0.0,1.0,0.0,0.0,0.5,Nov25-Feb26
2026-02-12,-1,25342.5,12.5,671.0,win,win,win,win,win,win,win,win,win,2026-02,1.0,1.0,1.0,1.0,1.0,1.0,1.0,Nov25-Feb26
2026-02-13,-1,24688.5,50.0,416.75,tie,tie,loss,loss,win,loss,loss,loss,win,2026-02,0.5,0.0,0.0,1.0,0.0,0.0,1.0,Nov25-Feb26
2026-02-16,-1,24723.25,36.0,126.75,win,win,loss,loss,win,win,loss,loss,win,2026-02,1.0,0.0,0.0,1.0,1.0,0.0,1.0,Nov25-Feb26
2026-02-17,1,24710.0,57.25,440.5,loss,loss,loss,loss,win,loss,loss,loss,loss,2026-02,0.0,0.0,0.0,1.0,0.0,0.0,0.0,Nov25-Feb26
2026-02-18,1,24865.0,37.75,376.25,loss,loss,loss,loss,win,loss,loss,loss,loss,2026-02,0.0,0.0,0.0,1.0,0.0,0.0,0.0,Nov25-Feb26
2026-02-19,-1,24817.5,21.75,210.5,loss,loss,loss,loss,win,loss,loss,loss,win,2026-02,0.0,0.0,0.0,1.0,0.0,0.0,1.0,Nov25-Feb26
2026-02-20,1,24908.5,193.0,461.0,win,win,loss,loss,win,win,win,win,win,2026-02,1.0,0.0,0.0,1.0,1.0,1.0,1.0,Nov25-Feb26
2026-02-23,-1,24907.25,68.25,372.0,win,win,loss,loss,win,win,win,win,win,2026-02,1.0,0.0,0.0,1.0,1.0,1.0,1.0,Nov25-Feb26
2026-02-24,1,24866.75,47.25,384.25,win,win,win,loss,win,win,win,win,win,2026-02,1.0,1.0,0.0,1.0,1.0,1.0,1.0,Nov25-Feb26
2026-02-25,1,25273.5,116.75,247.5,win,win,win,win,win,win,win,win,win,2026-02,1.0,1.0,1.0,1.0,1.0,1.0,1.0,Nov25-Feb26
2026-02-26,-1,25248.25,107.0,494.25,loss,loss,loss,loss,win,loss,loss,loss,win,2026-02,0.0,0.0,0.0,1.0,0.0,0.0,1.0,Nov25-Feb26
2026-02-27,-1,24798.75,7.75,254.75,loss,loss,loss,loss,loss,loss,loss,loss,loss,2026-02,0.0,0.0,0.0,0.0,0.0,0.0,0.0,Nov25-Feb26
2026-03-02,1,24809.5,170.0,496.0,win,win,win,win,win,win,win,win,win,2026-03,1.0,1.0,1.0,1.0,1.0,1.0,1.0,Mar-May26
2026-03-03,1,24550.0,27.75,498.0,loss,loss,loss,loss,win,loss,loss,loss,win,2026-03,0.0,0.0,0.0,1.0,0.0,0.0,1.0,Mar-May26
2026-03-04,-1,24858.25,1.25,391.75,win,win,loss,loss,win,win,loss,loss,win,2026-03,1.0,0.0,0.0,1.0,1.0,0.0,1.0,Mar-May26
2026-03-05,1,25063.25,80.0,437.25,loss,loss,loss,loss,win,loss,loss,loss,win,2026-03,0.0,0.0,0.0,1.0,0.0,0.0,1.0,Mar-May26
2026-03-06,1,24687.75,15.75,325.25,tie,tie,loss,loss,win,tie,loss,win,win,2026-03,0.5,0.0,0.0,1.0,0.5,1.0,1.0,Mar-May26
2026-03-09,-1,24384.0,32.25,745.0,tie,tie,loss,loss,win,loss,loss,win,win,2026-03,0.5,0.0,0.0,1.0,0.0,1.0,1.0,Mar-May26
2026-03-10,-1,24964.5,36.0,325.25,loss,loss,loss,loss,loss,loss,loss,loss,loss,2026-03,0.0,0.0,0.0,0.0,0.0,0.0,0.0,Mar-May26
2026-03-11,1,25084.0,51.75,306.5,loss,loss,loss,loss,win,loss,loss,loss,loss,2026-03,0.0,0.0,0.0,1.0,0.0,0.0,0.0,Mar-May26
2026-03-12,-1,24769.25,7.25,291.75,win,win,win,win,win,win,win,win,win,2026-03,1.0,1.0,1.0,1.0,1.0,1.0,1.0,Mar-May26
2026-03-13,1,24754.0,101.25,454.75,win,win,loss,loss,win,win,win,win,win,2026-03,1.0,0.0,0.0,1.0,1.0,1.0,1.0,Mar-May26
2026-03-16,1,24892.25,22.75,202.75,loss,loss,win,loss,win,loss,loss,win,win,2026-03,0.0,1.0,0.0,1.0,0.0,1.0,1.0,Mar-May26
2026-03-17,1,25071.0,65.25,170.75,loss,loss,loss,loss,win,loss,loss,win,win,2026-03,0.0,0.0,0.0,1.0,0.0,1.0,1.0,Mar-May26
2026-03-18,1,24945.25,13.25,356.5,loss,loss,loss,loss,win,loss,loss,win,win,2026-03,0.0,0.0,0.0,1.0,0.0,1.0,1.0,Mar-May26
2026-03-19,1,24439.25,13.25,364.75,loss,loss,loss,loss,win,loss,loss,loss,win,2026-03,0.0,0.0,0.0,1.0,0.0,0.0,1.0,Mar-May26
2026-03-20,-1,24450.0,71.0,549.5,win,win,win,win,win,loss,loss,win,win,2026-03,1.0,1.0,1.0,1.0,0.0,1.0,1.0,Mar-May26
2026-03-23,1,24541.25,32.0,381.5,loss,loss,loss,loss,win,loss,loss,loss,loss,2026-03,0.0,0.0,0.0,1.0,0.0,0.0,0.0,Mar-May26
2026-03-24,-1,24173.5,64.5,251.25,loss,loss,loss,loss,win,loss,loss,loss,loss,2026-03,0.0,0.0,0.0,1.0,0.0,0.0,0.0,Mar-May26
2026-03-25,1,24474.0,43.25,239.5,loss,loss,loss,loss,loss,loss,loss,loss,loss,2026-03,0.0,0.0,0.0,0.0,0.0,0.0,0.0,Mar-May26
2026-03-26,-1,24130.25,8.5,467.5,loss,loss,loss,loss,loss,loss,loss,loss,loss,2026-03,0.0,0.0,0.0,0.0,0.0,0.0,0.0,Mar-May26
2026-03-27,-1,23590.0,62.0,395.0,loss,loss,loss,loss,loss,loss,loss,loss,loss,2026-03,0.0,0.0,0.0,0.0,0.0,0.0,0.0,Mar-May26
2026-03-30,-1,23394.5,117.0,513.75,loss,loss,win,win,win,loss,loss,win,win,2026-03,0.0,1.0,1.0,1.0,0.0,1.0,1.0,Mar-May26
2026-03-31,1,23444.0,61.0,598.75,loss,loss,loss,loss,win,loss,loss,loss,win,2026-03,0.0,0.0,0.0,1.0,0.0,0.0,1.0,Mar-May26
2026-04-01,-1,24069.25,27.25,305.0,loss,loss,loss,loss,loss,loss,loss,loss,loss,2026-04,0.0,0.0,0.0,0.0,0.0,0.0,0.0,Mar-May26
2026-04-02,-1,23694.5,59.5,585.5,loss,loss,loss,loss,loss,loss,loss,loss,loss,2026-04,0.0,0.0,0.0,0.0,0.0,0.0,0.0,Mar-May26
2026-04-06,1,24330.0,54.5,249.5,loss,loss,win,win,win,loss,loss,win,win,2026-04,0.0,1.0,1.0,1.0,0.0,1.0,1.0,Mar-May26
2026-04-07,-1,24206.0,39.75,439.5,win,win,win,win,win,win,win,win,win,2026-04,1.0,1.0,1.0,1.0,1.0,1.0,1.0,Mar-May26
2026-04-08,-1,25108.25,99.75,323.25,loss,loss,loss,loss,win,loss,loss,loss,loss,2026-04,0.0,0.0,0.0,1.0,0.0,0.0,0.0,Mar-May26
2026-04-09,1,25102.5,31.0,309.25,loss,loss,loss,loss,win,loss,loss,loss,loss,2026-04,0.0,0.0,0.0,1.0,0.0,0.0,0.0,Mar-May26
2026-04-10,-1,25306.5,1.0,170.75,loss,loss,loss,loss,win,loss,loss,loss,win,2026-04,0.0,0.0,0.0,1.0,0.0,0.0,1.0,Mar-May26
2026-04-13,-1,25203.25,10.5,390.25,win,win,loss,loss,win,win,tie,win,win,2026-04,1.0,0.0,0.0,1.0,1.0,1.0,1.0,Mar-May26
2026-04-14,1,25748.75,78.5,348.25,win,loss,loss,loss,win,loss,loss,loss,win,2026-04,1.0,0.0,0.0,1.0,0.0,0.0,1.0,Mar-May26
2026-04-15,-1,26020.0,2.5,395.25,tie,tie,loss,loss,win,tie,loss,win,win,2026-04,0.5,0.0,0.0,1.0,0.5,1.0,1.0,Mar-May26
2026-04-16,-1,26378.5,48.75,288.5,loss,loss,win,loss,win,loss,loss,win,win,2026-04,0.0,1.0,0.0,1.0,0.0,1.0,1.0,Mar-May26
2026-04-17,1,26699.0,2.0,255.25,tie,tie,loss,loss,win,loss,loss,loss,win,2026-04,0.5,0.0,0.0,1.0,0.0,0.0,1.0,Mar-May26
2026-04-20,-1,26754.5,36.25,259.0,win,win,loss,loss,win,loss,loss,win,win,2026-04,1.0,0.0,0.0,1.0,0.0,1.0,1.0,Mar-May26
2026-04-21,-1,26769.75,45.25,333.5,win,win,loss,loss,win,loss,loss,loss,win,2026-04,1.0,0.0,0.0,1.0,0.0,0.0,1.0,Mar-May26
2026-04-22,-1,26846.5,39.0,281.5,loss,loss,loss,loss,win,loss,loss,loss,win,2026-04,0.0,0.0,0.0,1.0,0.0,0.0,1.0,Mar-May26
2026-04-23,1,27062.5,44.5,474.0,loss,loss,loss,loss,win,loss,loss,win,win,2026-04,0.0,0.0,0.0,1.0,0.0,1.0,1.0,Mar-May26
2026-04-24,-1,27212.25,22.25,332.25,loss,loss,loss,loss,win,loss,loss,loss,win,2026-04,0.0,0.0,0.0,1.0,0.0,0.0,1.0,Mar-May26
2026-04-27,-1,27379.25,23.5,156.25,loss,loss,win,loss,win,loss,loss,win,win,2026-04,0.0,1.0,0.0,1.0,0.0,1.0,1.0,Mar-May26
2026-04-28,1,27220.75,80.5,242.5,loss,loss,loss,loss,win,loss,loss,loss,win,2026-04,0.0,0.0,0.0,1.0,0.0,0.0,1.0,Mar-May26
2026-04-29,-1,27176.5,42.0,216.0,loss,loss,loss,loss,win,loss,loss,loss,win,2026-04,0.0,0.0,0.0,1.0,0.0,0.0,1.0,Mar-May26
2026-04-30,-1,27333.0,167.0,458.75,loss,loss,loss,loss,win,loss,loss,loss,win,2026-04,0.0,0.0,0.0,1.0,0.0,0.0,1.0,Mar-May26
2026-05-01,1,27774.0,146.75,299.25,win,win,win,win,win,loss,loss,win,win,2026-05,1.0,1.0,1.0,1.0,0.0,1.0,1.0,Mar-May26
2026-05-04,1,27863.5,15.25,328.0,loss,loss,loss,loss,win,loss,loss,win,win,2026-05,0.0,0.0,0.0,1.0,0.0,1.0,1.0,Mar-May26
2026-05-05,1,28060.0,61.75,217.25,win,win,loss,loss,win,win,win,win,win,2026-05,1.0,0.0,0.0,1.0,1.0,1.0,1.0,Mar-May26
2026-05-06,1,28473.25,86.5,389.75,loss,loss,loss,loss,win,loss,loss,loss,win,2026-05,0.0,0.0,0.0,1.0,0.0,0.0,1.0,Mar-May26
